<xml>
<Configuration version="1">
<ComplianceDivision name="foo">
<Administrators>
<User samaccountname="admin1" />
<User samaccountname="admin2" />
</Administrators>
<MonitoredStaff InheritMebershipFromPolicies="false">
<Inclusions>
<User samaccountname="user1" lastupdatedby="systemuser_12"/>
<User samaccountname="user2" lastupdatedby="jsmith"/>
<AdGroup samaccountname="group1" lastupdatedby="jsmith"/>
<Department departmentname="department1" lastupdatedby="jsmith"/>
<Role rolename="role1" lastupdatedby="jsmith"/>
</Inclusions>
<Exclusions>
<User samaccountname="user3" lastupdatedby="jsmith"/>
<AdGroup samaccountname="group1" lastupdatedby="jsmith"/>
<Department departmentname="department3" lastupdatedby="jsmith"/>
<Role rolename="role3" lastupdatedby="jsmith"/>
</Exclusions>
</MonitoredStaff>
<Policies>
<Policy name="foo_policy1" description="foo_policy description" priority="0" lastupdatedby="systemuser_12">
<MonitoredStaff>
<Inclusions>
<User samaccountname="user1" lastupdatedby="jsmith"/>
<AdGroup samaccountname="group1" lastupdatedby="jsmith"/>
<Department departmentname="department1" lastupdatedby="jsmith"/>
<Role rolename="role1" lastupdatedby="jsmith"/>
</Inclusions>
<Exclusions>
<User samaccountname="user2" lastupdatedby="jsmith"/>
<AdGroup samaccountname="group1" lastupdatedby="jsmith"/>
<Department departmentname="department1" lastupdatedby="jsmith"/>
<Role rolename="role1" lastupdatedby="jsmith"/>
</Exclusions>
</MonitoredStaff>
<PolicyRuleAssignments>
<PolicyRuleAssignment rulename="Insider Trading" reviewteamname="team1"
esclationreviewteamname="team2" lastupdatedby="systemuser_12" />
<PolicyRuleAssignment rulename="Profanity" reviewteamname="team2" lastupdatedby="jsmith" />
<PolicyRuleAssignment rulename="Standard Sampling" reviewteamname="team2"
lastupdatedby="jsmith"/>
</PolicyRuleAssignments>
<SearchAccessTeams>
<SearchAccessTeam reviewteamname="team1" lastupdatedby="jsmith"/>
<SearchAccessTeam reviewteamname="team2" lastupdatedby="jsmith"/>
</SearchAccessTeams>
</Policy>
</Policies>
Proofpoint Enterprise Archive: Supervision Configuration XML Specification
Copyright © 2002 - 2017 Proofpoint, Inc.
30
<ReviewTeams>
<ReviewTeam name="team1" description="team1 description" lastupdatedby="jsmith">
<Reviewers>
<Reviewer samaccountname="reviewer1" isLead="false" isAlternate="false"
lastupdatedby="systemuser_12" />
<Reviewer samaccountname="reviewer2" isLead="false" isAlternate="false" lastupdatedby="jsmith"/>
</Reviewers>
</ReviewTeam>
<ReviewTeam name="team2" description="team2 description" lastupdatedby="jsmith">
<Reviewers>
<Reviewer samaccountname="reviewer3" isLead="false" isAlternate="false" lastupdatedby="jsmith"/>
</Reviewers>
</ReviewTeam>
</ReviewTeams>
<Rules>
<Rule name="Profanity" type="violation" description="Profanity description" lastupdatedby="jsmith">
<IdentificationCriteria>
<Content scoringthreshold="3">
<GuaranteedMatchContentCriteria>
<ContentCriterion searchheader="true" searchbody="true" searchattachment="true"
searchsubject="true">
search query
</ContentCriterion>
</GuaranteedMatchContentCriteria>
<EntranceContentCriteria>
<ContentCriterion searchheader="true" searchbody="true" searchattachment="true"
searchsubject="true" score="4">
search query
</ContentCriterion>
</EntranceContentCriteria>
<IndicatorContentCriteria>
<ContentCriterion searchheader="true" searchbody="true" searchattachment="true"
searchsubject="true" score="4">
search query
</ContentCriterion>
</IndicatorContentCriteria>
<ExclusionContentCriteria>
<ContentCriterion searchheader="true" searchbody="true" searchattachment="true"
searchsubject="true">
search query
</ContentCriterion>
</ExclusionContentCriteria>
</Content>
<SendersRecipients>
<Involving operator="Any">
</Involving>
<SendersRecipients>
<Senders>
<AdUser samaccountname="abc"/>
<ExternalUser smtp="abc"/>
<Department departmentname="abc"/>
<Role rolename="name"/>
</Senders>
<Recipients operator="All">
<AdUser samaccountname="abc"/>
<ExternalUser smtp="abc"/>
Proofpoint Enterprise Archive: Supervision Configuration XML Specification
Copyright © 2002 - 2017 Proofpoint, Inc.
31
<Department departmentname="abc"/>
<Role rolename="name"/>
</Recipients>
</SendersRecipients>
<BetweenRolesDepartments>
<RoleDepartmentPair> //could contain two roles, two departments or one of each
<Department departmentname="abc"/>
<Role rolename="def"/>
</RoleDepartmentPair>
</BetweenRolesDepartments>
</SendersRecipients>
<DateRanges>
<DateRange type="between" start="1901-12-13T20:45:52+00:00"
end="1901-12-13T20:45:52+00:00"/>
</DateRanges>
<MailFlows>
<MailFlow type="internal"/>
<MailFlow type="inbound" />
<MailFlow type="outbound" />
</MailFlows>
<InfoTags>
<InfoTags name="infotag1" matchtype="required"/>
<InfoTags name="infotag2" matchtype="excluded"/>
</InfoTags>
<MessageClasses>
<MessageClass name="IPM.Note.Bloomberg" matchtype="required"/>
</MessageClasses>
<FilesTypes>
<FileType name="ANY"/> //could be ANY (in caps) or a file extension
</FilesTypes>
</IdentificationCriteria>
<DefaultComment>comment</DefaultComment>
</Rule>
<Rule name="Standard Sampling" type="sampling" description="Standard Sampling description"
lastupdatedby="jsmith">
<SamplingCriteria>
<DefaultSamplingRates samplingtype="includingviolations">
<StandardSamplingPercentages inbound="0" outbound=".1" internal="5"/>
<ElevatedSamplingPercentages inbound="0" outbound=".1" internal="5"/>
</DefaultSamplingRates>
<ExceptionSamplingRates>
<ExceptionSamplingRate messageclass="IPM.Note.Bloomberg"
samplingtype="inadditiontoviolations">
<StandardSamplingPercentages inbound="0" outbound=".1" internal="5"/>
<ElevatedSamplingPercentages inbound="0" outbound=".1" internal="5"/>
</ExceptionSamplingRate>
</ExceptionSamplingRates>
<SamplingLimits>
<StandardSamplingLimit>10</StandardSamplingLimit>
<ElevatedSamplingLimit>13</ElevatedSamplingLimit>
</SamplingLimits>
</SamplingCriteria>
<DefaultComment>comment</DefaultComment>
</Rule>
</Rules>
<WhiteListRules>
Proofpoint Enterprise Archive: Supervision Configuration XML Specification
Copyright © 2002 - 2017 Proofpoint, Inc.
32
<WhiteListRule name="Newsletter" description="Newsletter description" lastupdatedby="jsmith">
<IdentificationCriteria>
SEE Identification Criteria in RULE ABOVE, plus bulk mail
<BulkMail scoringthreshold="2"/>
</IdentificationCriteria>
</WhiteListRule>
</WhiteListRules>
<PreApprovedContent>
<PreapprovedDisclaimers>
<PreapprovedDisclaimer name="company dislaimer" description="our corporate disclaimer"
lastupdatedby="jsmith">
DISCLAIMER TEXT
</PreapprovedDisclaimer>
</PreapprovedDisclaimers>
<PreapprovedDocuments>
<PreapprovedDocument name="prospectus" description="prospectus description"
deactivationdate="1901-12-13T20:45:52+00:00" lastupdatedby="jsmith">
BASE64 of document
</PreapprovedDocument>
</PreapprovedDocuments>
</PreApprovedContent>
<EmailTemplates>
<EmailTemplate name="template1" lastupdatedby="jsmith">
<Recipient smtpaddress="john@abc.com"/>
<Subject>Subject text</Subject>
<Body>Body text</Body>
</EmailTemplate>
</EmailTemplates>
<Comments>
<Comment name="comment1" lastupdatedby="jsmith">Comment text</Comment>
</Comments>
<SelectionScope defaultscope="" lastupdatedby="jsmith">
<SelectionScopeExceptions>
<SelectionScopeException messageclass="IPM.Note" scope="SentOrRecievedFromExternalParty"/>
<SelectionScopeException messageclass="IPM.Note.Facebook" scope="Sent"/>
</SelectionScopeExceptions>
</SelectionScope>
</ComplianceDivision>
</Configuration>
</xml>