
<ComplianceDivision name="foo">

<MonitoredStaff InheritMebershipFromPolicies="false">
<Inclusions>
<User samaccountname="user1" lastupdatedby="systemuser_12"/>
<User samaccountname="user2" lastupdatedby="jsmith"/>
<AdGroup samaccountname="group1" lastupdatedby="jsmith"/>
<Department departmentname="department1" lastupdatedby="jsmith"/>
<Role rolename="role1" lastupdatedby="jsmith"/>
</Inclusions>
<Exclusions>
<User samaccountname="user3" lastupdatedby="jsmith"/>
<AdGroup samaccountname="group1" lastupdatedby="jsmith"/>
<Department departmentname="department3" lastupdatedby="jsmith"/>
<Role rolename="role3" lastupdatedby="jsmith"/>
</Exclusions>
</MonitoredStaff>
<Policies>
<Policy name="foo_policy1" description="foo_policy description" priority="0" lastupdatedby="systemuser_12">
<MonitoredStaff>
<Inclusions>
<User samaccountname="user1" lastupdatedby="jsmith"/>
<AdGroup samaccountname="group1" lastupdatedby="jsmith"/>
<Department departmentname="department1" lastupdatedby="jsmith"/>
<Role rolename="role1" lastupdatedby="jsmith"/>
</Inclusions>
<Exclusions>
<User samaccountname="user2" lastupdatedby="jsmith"/>
<AdGroup samaccountname="group1" lastupdatedby="jsmith"/>
<Department departmentname="department1" lastupdatedby="jsmith"/>
<Role rolename="role1" lastupdatedby="jsmith"/>
</Exclusions>
</MonitoredStaff>
<PolicyRuleAssignments>
<PolicyRuleAssignment rulename="Insider Trading" reviewteamname="team1"
esclationreviewteamname="team2" lastupdatedby="systemuser_12" />
<PolicyRuleAssignment rulename="Profanity" reviewteamname="team2" lastupdatedby="jsmith" />
<PolicyRuleAssignment rulename="Standard Sampling" reviewteamname="team2"
lastupdatedby="jsmith"/>
</PolicyRuleAssignments>
<SearchAccessTeams>
<SearchAccessTeam reviewteamname="team1" lastupdatedby="jsmith"/>
<SearchAccessTeam reviewteamname="team2" lastupdatedby="jsmith"/>
</SearchAccessTeams>
</Policy>
</Policies>
Proofpoint Enterprise Archive: Supervision Configuration XML Specification
Copyright © 2002 - 2017 Proofpoint, Inc.
30
<ReviewTeams>
<ReviewTeam name="team1" description="team1 description" lastupdatedby="jsmith">
<Reviewers>
<Reviewer samaccountname="reviewer1" isLead="false" isAlternate="false"
lastupdatedby="systemuser_12" />
<Reviewer samaccountname="reviewer2" isLead="false" isAlternate="false" lastupdatedby="jsmith"/>
</Reviewers>
</ReviewTeam>
<ReviewTeam name="team2" description="team2 description" lastupdatedby="jsmith">
<Reviewers>
<Reviewer samaccountname="reviewer3" isLead="false" isAlternate="false" lastupdatedby="jsmith"/>
</Reviewers>
</ReviewTeam>
</ReviewTeams>
</ComplianceDivision>
